{"epoch": [0, 1, 2, 3, 4, 5, 6, 7, 8, 9, 10, 11, 12, 13, 14, 15, 16, 17, 18, 19, 20, 21, 22, 23, 24, 25, 26, 27, 28, 29, 30, 31, 32, 33, 34, 35, 36, 37, 38, 39, 40, 41, 42, 43, 44, 45, 46, 47, 48, 49, 50, 51, 52, 53, 54, 55, 56, 57, 58, 59, 60, 61, 62, 63, 64, 65, 66, 67, 68, 69, 70, 71, 72, 73, 74, 75, 76, 77, 78, 79, 80, 81, 82, 83, 84, 85, 86, 87, 88, 89, 90, 91, 92, 93, 94, 95, 96, 97, 98, 99, 100, 101, 102, 103, 104, 105, 106, 107, 108, 109, 110, 111, 112, 113, 114, 115, 116, 117, 118, 119, 120, 121, 122, 123, 124, 125, 126, 127, 128, 129, 130, 131, 132, 133, 134, 135, 136, 137, 138, 139, 140, 141, 142, 143, 144, 145, 146, 147, 148, 149, 150, 151, 152, 153, 154], "rmse": [1.0327396200134493, 0.9252828071915341, 0.9185150741394942, 0.9289771464810932, 0.9233887695615636, 0.9101830976365859, 0.8921089404205649, 0.8929310584017228, 0.8904052595043387, 0.8827006765826255, 0.882272659111046, 0.8931533172959779, 0.8894577336850187, 0.888345034487076, 0.8863680749160187, 0.8823261591838242, 0.878345233213827, 0.8819048844208284, 0.884730599616781, 0.8918685923697282, 0.8902467806043072, 0.8833476096665184, 0.8821728895729107, 0.8823460445419076, 0.8770838023264439, 0.8724383740129111, 0.8723017953202952, 0.8812264863413409, 0.8762857306723195, 0.8761945136162114, 0.8808847908309461, 0.8739886495258051, 0.8762497764887578, 0.8940569954128457, 0.8888434996785133, 0.8864213967429656, 0.8845353191017846, 0.8846346567779545, 0.8893902081468978, 0.8845201603763209, 0.887817805624069, 0.8975816254492205, 0.8913269476649703, 0.8876432662251329, 0.8813312644430881, 0.8846009065711103, 0.9030791871482767, 0.8859405079663896, 0.8844522764515417, 0.8846417236309473, 0.8986468329746667, 0.8858838895783137, 0.8854520334988909, 0.8995971757470538, 0.8944799054784504, 0.8973270355737943, 0.9046611320459419, 0.896599926982294, 0.8983824539929504, 0.9031900792901514, 0.8938692092163264, 0.8930704008148226, 0.9036832751670264, 0.893459017760918, 0.8922722295513711, 0.8931316959118425, 0.9065504661684808, 0.8956041491973027, 0.8934251695462175, 0.8928142400570611, 0.8991618023309725, 0.890780466947828, 0.891100855517886, 0.9058874115813256, 0.8968146526386287, 0.8956882814050946, 0.8961400341895432, 0.9058867823296749, 0.896836216922804, 0.8962091965875341, 0.9124115433318492, 0.9033718406312086, 0.9011202006428595, 0.8988912420202948, 0.8974363032373405, 0.8969417632570458, 0.9041009596298911, 0.8952993227295324, 0.8946312183498547, 0.9132562850239686, 0.9025666378926928, 0.9004422387034803, 0.8992711798077052, 0.8996736961983084, 0.9066808826784762, 0.8970036946551684, 0.8958244180573761, 0.8956105263581214, 0.9242362356288988, 0.9192657228581051, 0.9158275942870501, 0.9101733062153059, 0.9075524515221156, 0.9073373544405964, 0.9221607305659996, 0.9129888835169179, 0.911481529431129, 0.9113280872981481, 0.9275446681135876, 0.9158687907694657, 0.9149945201757911, 0.9280929758835998, 0.9154182314520262, 0.914459171322521, 0.9439272275533616, 0.9298636016579787, 0.9261569252310211, 0.9227715652567314, 0.9200438899126566, 0.9180170682212592, 0.917281042341325, 0.9347373874474789, 0.9234845438010695, 0.9236352847064131, 0.931650286505283, 0.9202984834999886, 0.9196296264386065, 0.9367175819832869, 0.9265130776652205, 0.9257391755480614, 0.9345778024460175, 0.9214195168119136, 0.9203678405395124, 0.919929616326022, 0.9413893573456339, 0.927720804543873, 0.9257705138142609, 0.9254682936377154, 0.9501147965868869, 0.9343818014408991, 0.9283017947652105, 0.9246304295223001, 0.9238023949389824, 0.9473889332041407, 0.9382746211961543, 0.9403060811585795, 0.9600822296836432, 0.9492177523622827, 0.9451797564604044, 0.9388237009116315, 0.9359051480923567, 0.9353334554522655, 0.9586099680170969, 0.9471767366809208, 0.9433286648383765], "timestamp": [1525908128.974775, 1525909478.477407, 1525910835.552513, 1525912187.718151, 1525913536.746325, 1525914887.892213, 1525916237.840043, 1525917591.306469, 1525918940.763963, 1525920292.249619, 1525921639.985728, 1525922986.092956, 1525924336.145056, 1525925683.225005, 1525927031.268015, 1525928379.944272, 1525929729.579543, 1525931076.375501, 1525932431.123582, 1525935280.018603, 1525936871.135526, 1525938334.485738, 1525939808.517115, 1525941213.493632, 1525942637.220271, 1525944092.867245, 1525945629.601818, 1525947092.611036, 1525948544.772181, 1525949970.524591, 1525953374.242943, 1525954748.967118, 1525956207.181263, 1525957679.798258, 1525959135.391545, 1525960553.059306, 1525962197.464394, 1525963591.646194, 1525965065.777083, 1525966692.668429, 1525968518.81667, 1525970012.235513, 1525971678.670896, 1525973112.496259, 1525976503.126597, 1525977849.317074, 1525979187.519434, 1525980524.81115, 1525981860.519663, 1525983194.114278, 1525984533.149966, 1525985871.380189, 1525987208.438473, 1525988544.648624, 1525989883.027966, 1525991222.681071, 1525992563.033477, 1525993900.185181, 1525995239.4014, 1525996577.993082, 1525997916.121881, 1525999253.839569, 1526000591.925586, 1526001929.084512, 1526003265.331474, 1526004602.583109, 1526005938.620137, 1526007272.732532, 1526008610.034844, 1526009948.286274, 1526011288.839628, 1526012629.070676, 1526013970.072789, 1526015309.292548, 1526016651.701243, 1526017993.50291, 1526019341.939458, 1526022247.798804, 1526023670.222771, 1526025114.008873, 1526026506.741327, 1526027952.511646, 1526029371.993784, 1526030791.694249, 1526032554.019178, 1526033984.614884, 1526035397.687407, 1526036797.166027, 1526038353.100493, 1526039912.382607, 1526041386.956434, 1526042896.42512, 1526044398.015536, 1526045824.565485, 1526047379.112524, 1526048822.428658, 1526050287.206696, 1526051865.935761, 1526053435.745637, 1526054967.951151, 1526056460.950258, 1526058004.010351, 1526059507.300809, 1526064421.871727, 1526065790.036355, 1526067156.5197, 1526068524.283778, 1526069893.2641, 1526071257.691468, 1526072622.305785, 1526073986.675844, 1526075351.205223, 1526076717.103731, 1526078083.580198, 1526079448.530219, 1526080812.937629, 1526082175.082267, 1526083539.015356, 1526084902.533359, 1526086266.164319, 1526087631.845798, 1526088998.762686, 1526090362.338233, 1526091728.684711, 1526093093.078704, 1526094460.720034, 1526095830.609516, 1526097194.284887, 1526098557.582524, 1526099924.026722, 1526101293.173067, 1526102661.186709, 1526104027.807414, 1526105397.222471, 1526106767.073912, 1526108133.509236, 1526109499.179834, 1526110866.11926, 1526113215.114501, 1526121522.508246, 1526122879.729399, 1526124224.054121, 1526125568.319442, 1526126912.68242, 1526128255.729081, 1526129626.425173, 1526130974.618889, 1526132311.574711, 1526133648.38274, 1526134985.040653, 1526136325.212261, 1526137665.275583, 1526139006.021476, 1526140345.881507, 1526141686.206407], "feature": [0, 0, 0, 0, 1, 1, 1, 1, 2, 2, 2, 3, 3, 3, 3, 3, 3, 3, 4, 4, 5, 5, 5, 5, 6, 6, 6, 7, 7, 7, 8, 8, 8, 9, 9, 9, 9, 9, 10, 10, 10, 11, 11, 11, 11, 11, 12, 12, 12, 12, 13, 13, 13, 14, 14, 14, 15, 15, 15, 16, 16, 16, 17, 17, 17, 17, 18, 18, 18, 18, 19, 19, 19, 20, 20, 20, 20, 21, 21, 21, 22, 22, 22, 22, 22, 22, 23, 23, 23, 24, 24, 24, 24, 24, 25, 25, 25, 25, 26, 26, 26, 26, 26, 26, 27, 27, 27, 27, 28, 28, 28, 29, 29, 29, 30, 30, 30, 30, 30, 30, 30, 31, 31, 31, 32, 32, 32, 33, 33, 33, 34, 34, 34, 34, 35, 35, 35, 35, 36, 36, 36, 36, 36, 37, 37, 37, 38, 38, 38, 38, 38, 38, 39, 39, 39]}